Source1,Source2,Weight
스퀘어,위치,1
스퀘어,겉에,1
스퀘어,주문,1
스퀘어,주가,1
스퀘어,대학로,1
스퀘어,음식점,1
스퀘어,미역,1
스퀘어,통로,1
스퀘어,식당가,1
지금,밑반찬,1
지금,술안주,1
지금,응대,1
지금,대학로,1
지금,이날,1
지금,구이,1
지금,내부,1
지금,안주,1
지금,요즘,1
위생,고기,1
위생,안녕하세요,1
위생,승지로,1
위생,히말라야,1
위생,제공,1
위생,오늘,1
위생,돼지고기,1
위생,마무리,1
위생,하루,1
삭사류,통째,1
삭사류,두께,1
삭사류,대학로,1
삭사류,깍두기,1
삭사류,인근,1
삭사류,따뜩,1
삭사류,마온동,1
삭사류,내부,1
삭사류,요즘,1
뚜껑,페스츄리파스타,1
뚜껑,정도,1
뚜껑,여럿,1
뚜껑,비쥬얼,1
뚜껑,배곧,1
뚜껑,쇼파석,1
뚜껑,내부,1
뚜껑,후기,1
뚜껑,원래,1
서울,해장국,1
서울,대학로,2
서울,매장,1
서울,오늘,1
서울,미역,1
서울,순대,1
서울,제주,1
서울,오후,2
서울,오전,2
서울,퍼플,1
서울,만원,1
서울,아브뉴프,1
서울,평일,1
서울,경기도,1
서울,네비주소,1
페스츄리파스타,뚜껑,1
페스츄리파스타,정도,1
페스츄리파스타,여럿,1
페스츄리파스타,비쥬얼,1
페스츄리파스타,배곧,1
페스츄리파스타,쇼파석,1
페스츄리파스타,내부,1
페스츄리파스타,후기,1
페스츄리파스타,원래,1
밑반찬,지금,1
밑반찬,시금치,1
밑반찬,쏘맥,1
밑반찬,술안주,1
밑반찬,이거,2
밑반찬,응대,1
밑반찬,대학로,1
밑반찬,소주러버,1
밑반찬,동태전,1
밑반찬,여기,1
밑반찬,이날,1
밑반찬,구이,1
밑반찬,번째,1
밑반찬,내부,2
밑반찬,짱아찌,1
밑반찬,안주,2
밑반찬,쏘주,1
밑반찬,건더기,1
밑반찬,소세지,1
밑반찬,진로,1
밑반찬,지하,1
밑반찬,요즘,1
밑반찬,오이,1
밑반찬,오이김치,1
초밥,오이도뷰,1
초밥,정왕동,1
초밥,오이도,1
초밥,구이,1
초밥,등대,1
초밥,킹크랩,1
초밥,사실,1
초밥,지번,1
초밥,참치,1
짜장면,중이,1
짜장면,말씀,1
짜장면,소개,1
짜장면,해줘야쥬,1
짜장면,비비뉘,1
짜장면,배곧로자,1
짜장면,지하,1
짜장면,짜사이,1
짜장면,비주얼,1
오이도뷰,초밥,1
오이도뷰,정왕동,1
오이도뷰,오이도,1
오이도뷰,구이,1
오이도뷰,등대,1
오이도뷰,킹크랩,1
오이도뷰,사실,1
오이도뷰,지번,1
오이도뷰,참치,1
위치,스퀘어,1
위치,겉에,1
위치,주문,1
위치,주가,1
위치,대학로,1
위치,음식점,1
위치,미역,1
위치,통로,1
위치,식당가,1
계수가,부천,1
계수가,주문,1
계수가,아이,1
계수가,샵앤샵,1
계수가,제공,1
계수가,계수가든,1
계수가,내부,1
계수가,저희,1
계수가,근처,1
외에,빠가사리,1
외에,겨자,1
외에,술안주,1
외에,참게,1
외에,내부,1
외에,그때,1
외에,미나리,1
외에,오전,1
외에,안쪽,1
정왕동,초밥,1
정왕동,오이도뷰,1
정왕동,오이도,1
정왕동,구이,1
정왕동,등대,1
정왕동,킹크랩,1
정왕동,사실,1
정왕동,지번,1
정왕동,참치,1
빠가사리,외에,1
빠가사리,겨자,1
빠가사리,술안주,1
빠가사리,참게,1
빠가사리,내부,1
빠가사리,그때,1
빠가사리,미나리,1
빠가사리,오전,1
빠가사리,안쪽,1
겉에,스퀘어,1
겉에,위치,1
겉에,주문,1
겉에,주가,1
겉에,대학로,1
겉에,음식점,1
겉에,미역,1
겉에,통로,1
겉에,식당가,1
해장국,서울,1
해장국,대학로,1
해장국,오늘,1
해장국,미역,1
해장국,순대,1
해장국,오후,1
해장국,오전,1
해장국,평일,1
해장국,네비주소,1
부천,계수가,1
부천,주문,1
부천,아이,1
부천,샵앤샵,1
부천,제공,1
부천,계수가든,1
부천,내부,1
부천,저희,1
부천,근처,1
중이,짜장면,1
중이,말씀,1
중이,소개,1
중이,해줘야쥬,1
중이,비비뉘,1
중이,배곧로자,1
중이,지하,1
중이,짜사이,1
중이,비주얼,1
예뿌죠,카펠리니,1
예뿌죠,화장실,1
예뿌죠,페스츄리의,1
예뿌죠,맛집,1
예뿌죠,넘마시따,1
예뿌죠,매장,1
예뿌죠,메뉴판,1
예뿌죠,테이블,1
예뿌죠,음료,1
시금치,밑반찬,1
시금치,쏘맥,1
시금치,이거,1
시금치,여기,1
시금치,내부,1
시금치,짱아찌,1
시금치,쏘주,1
시금치,오이,1
시금치,오이김치,1
카펠리니,예뿌죠,1
카펠리니,화장실,1
카펠리니,페스츄리의,1
카펠리니,맛집,1
카펠리니,넘마시따,1
카펠리니,매장,1
카펠리니,메뉴판,1
카펠리니,테이블,1
카펠리니,음료,1
통째,삭사류,1
통째,두께,1
통째,어디,1
통째,대학로,1
통째,마오,1
통째,깍두기,1
통째,칼국수,1
통째,인근,1
통째,여기,1
통째,클라쓰,1
통째,따뜩,1
통째,장터,1
통째,마온동,1
통째,내부,1
통째,멍게,1
통째,낙지,1
통째,요즘,2
말씀,짜장면,1
말씀,중이,1
말씀,소개,1
말씀,해줘야쥬,1
말씀,비비뉘,1
말씀,배곧로자,1
말씀,지하,1
말씀,짜사이,1
말씀,비주얼,1
정도,뚜껑,1
정도,페스츄리파스타,1
정도,여럿,1
정도,비쥬얼,1
정도,배곧,1
정도,쇼파석,1
정도,내부,1
정도,후기,1
정도,원래,1
겨자,외에,1
겨자,빠가사리,1
겨자,술안주,1
겨자,참게,1
겨자,내부,1
겨자,그때,1
겨자,미나리,1
겨자,오전,1
겨자,안쪽,1
화장실,예뿌죠,1
화장실,카펠리니,1
화장실,페스츄리의,1
화장실,맛집,1
화장실,넘마시따,1
화장실,매장,1
화장실,메뉴판,1
화장실,테이블,1
화장실,음료,1
두께,삭사류,1
두께,통째,1
두께,대학로,1
두께,깍두기,1
두께,인근,1
두께,따뜩,1
두께,마온동,1
두께,내부,1
두께,요즘,1
고기,위생,1
고기,안녕하세요,1
고기,승지로,1
고기,돼지,1
고기,식감,1
고기,맛집,1
고기,돼지갈비,1
고기,히말라야,1
고기,볶음밥,1
고기,음식,1
고기,제공,1
고기,오늘,1
고기,식당,1
고기,돼지고기,2
고기,마무리,1
고기,하루,1
고기,고기집,1
안녕하세요,위생,1
안녕하세요,고기,1
안녕하세요,승지로,1
안녕하세요,히말라야,1
안녕하세요,제공,1
안녕하세요,오늘,1
안녕하세요,돼지고기,1
안녕하세요,마무리,1
안녕하세요,하루,1
쏘맥,밑반찬,1
쏘맥,시금치,1
쏘맥,이거,1
쏘맥,여기,1
쏘맥,내부,1
쏘맥,짱아찌,1
쏘맥,쏘주,1
쏘맥,오이,1
쏘맥,오이김치,1
가게,맛집,1
가게,메뉴판,1
가게,내이브로,1
가게,방지,1
가게,웨이팅,1
가게,내부,1
가게,메뉴,1
가게,영업시간,1
가게,주차장,1
술안주,지금,1
술안주,밑반찬,1
술안주,외에,1
술안주,빠가사리,1
술안주,겨자,1
술안주,응대,1
술안주,대학로,1
술안주,이날,1
술안주,구이,1
술안주,참게,1
술안주,내부,2
술안주,그때,1
술안주,안주,1
술안주,미나리,1
술안주,오전,1
술안주,요즘,1
술안주,안쪽,1
어디,통째,1
어디,마오,1
어디,칼국수,1
어디,여기,1
어디,클라쓰,1
어디,장터,1
어디,멍게,1
어디,낙지,1
어디,요즘,1
주문,스퀘어,1
주문,위치,1
주문,계수가,1
주문,겉에,1
주문,부천,1
주문,주가,1
주문,대학로,1
주문,아이,1
주문,샵앤샵,1
주문,제공,1
주문,계수가든,1
주문,음식점,1
주문,내부,1
주문,미역,1
주문,저희,1
주문,근처,1
주문,통로,1
주문,식당가,1
이거,밑반찬,2
이거,시금치,1
이거,쏘맥,1
이거,소주러버,1
이거,동태전,1
이거,여기,1
이거,번째,1
이거,내부,1
이거,짱아찌,1
이거,안주,1
이거,쏘주,1
이거,건더기,1
이거,소세지,1
이거,진로,1
이거,지하,1
이거,오이,1
이거,오이김치,1
여럿,뚜껑,1
여럿,페스츄리파스타,1
여럿,정도,1
여럿,비쥬얼,1
여럿,배곧,1
여럿,쇼파석,1
여럿,내부,1
여럿,후기,1
여럿,원래,1
페스츄리의,예뿌죠,1
페스츄리의,카펠리니,1
페스츄리의,화장실,1
페스츄리의,맛집,1
페스츄리의,넘마시따,1
페스츄리의,매장,1
페스츄리의,메뉴판,1
페스츄리의,테이블,1
페스츄리의,음료,1
응대,지금,1
응대,밑반찬,1
응대,술안주,1
응대,대학로,1
응대,이날,1
응대,구이,1
응대,내부,1
응대,안주,1
응대,요즘,1
승지로,위생,1
승지로,고기,1
승지로,안녕하세요,1
승지로,히말라야,1
승지로,제공,1
승지로,오늘,1
승지로,돼지고기,1
승지로,마무리,1
승지로,하루,1
비쥬얼,뚜껑,1
비쥬얼,페스츄리파스타,1
비쥬얼,정도,1
비쥬얼,여럿,1
비쥬얼,배곧,1
비쥬얼,쇼파석,1
비쥬얼,내부,1
비쥬얼,후기,1
비쥬얼,원래,1
돼지,고기,1
돼지,식감,1
돼지,맛집,1
돼지,돼지갈비,1
돼지,볶음밥,1
돼지,음식,1
돼지,식당,1
돼지,돼지고기,1
돼지,고기집,1
주가,스퀘어,1
주가,위치,1
주가,겉에,1
주가,주문,1
주가,대학로,1
주가,음식점,1
주가,미역,1
주가,통로,1
주가,식당가,1
식감,고기,1
식감,돼지,1
식감,맛집,1
식감,돼지갈비,1
식감,볶음밥,1
식감,음식,1
식감,식당,1
식감,돼지고기,1
식감,고기집,1
대학로,스퀘어,1
대학로,지금,1
대학로,삭사류,1
대학로,서울,2
대학로,밑반찬,1
대학로,위치,1
대학로,겉에,1
대학로,해장국,1
대학로,통째,1
대학로,두께,1
대학로,술안주,1
대학로,주문,1
대학로,응대,1
대학로,주가,1
대학로,깍두기,1
대학로,인근,1
대학로,매장,1
대학로,따뜩,1
대학로,이날,1
대학로,마온동,1
대학로,구이,1
대학로,음식점,1
대학로,내부,2
대학로,오늘,1
대학로,미역,2
대학로,순대,1
대학로,제주,1
대학로,안주,1
대학로,오후,2
대학로,오전,2
대학로,퍼플,1
대학로,만원,1
대학로,아브뉴프,1
대학로,평일,1
대학로,경기도,1
대학로,통로,1
대학로,식당가,1
대학로,네비주소,1
대학로,요즘,2
소주러버,밑반찬,1
소주러버,이거,1
소주러버,동태전,1
소주러버,번째,1
소주러버,안주,1
소주러버,건더기,1
소주러버,소세지,1
소주러버,진로,1
소주러버,지하,1
맛집,예뿌죠,1
맛집,카펠리니,1
맛집,화장실,1
맛집,고기,1
맛집,가게,1
맛집,페스츄리의,1
맛집,돼지,1
맛집,식감,1
맛집,돼지갈비,1
맛집,넘마시따,1
맛집,매장,1
맛집,메뉴판,2
맛집,테이블,1
맛집,볶음밥,1
맛집,음료,1
맛집,음식,1
맛집,내이브로,1
맛집,방지,1
맛집,웨이팅,1
맛집,내부,1
맛집,메뉴,1
맛집,식당,1
맛집,돼지고기,1
맛집,영업시간,1
맛집,주차장,1
맛집,고기집,1
마오,통째,1
마오,어디,1
마오,칼국수,1
마오,여기,1
마오,클라쓰,1
마오,장터,1
마오,멍게,1
마오,낙지,1
마오,요즘,1
동태전,밑반찬,1
동태전,이거,1
동태전,소주러버,1
동태전,번째,1
동태전,안주,1
동태전,건더기,1
동태전,소세지,1
동태전,진로,1
동태전,지하,1
소개,짜장면,1
소개,중이,1
소개,말씀,1
소개,해줘야쥬,1
소개,비비뉘,1
소개,배곧로자,1
소개,지하,1
소개,짜사이,1
소개,비주얼,1
깍두기,삭사류,1
깍두기,통째,1
깍두기,두께,1
깍두기,대학로,1
깍두기,인근,1
깍두기,따뜩,1
깍두기,마온동,1
깍두기,내부,1
깍두기,요즘,1
칼국수,통째,1
칼국수,어디,1
칼국수,마오,1
칼국수,여기,1
칼국수,클라쓰,1
칼국수,장터,1
칼국수,멍게,1
칼국수,낙지,1
칼국수,요즘,1
돼지갈비,고기,1
돼지갈비,돼지,1
돼지갈비,식감,1
돼지갈비,맛집,1
돼지갈비,볶음밥,1
돼지갈비,음식,1
돼지갈비,식당,1
돼지갈비,돼지고기,1
돼지갈비,고기집,1
인근,삭사류,1
인근,통째,1
인근,두께,1
인근,대학로,1
인근,깍두기,1
인근,따뜩,1
인근,마온동,1
인근,내부,1
인근,요즘,1
넘마시따,예뿌죠,1
넘마시따,카펠리니,1
넘마시따,화장실,1
넘마시따,페스츄리의,1
넘마시따,맛집,1
넘마시따,매장,1
넘마시따,메뉴판,1
넘마시따,테이블,1
넘마시따,음료,1
오이도,초밥,1
오이도,오이도뷰,1
오이도,정왕동,1
오이도,구이,1
오이도,등대,1
오이도,킹크랩,1
오이도,사실,1
오이도,지번,1
오이도,참치,1
여기,밑반찬,1
여기,시금치,1
여기,통째,1
여기,쏘맥,1
여기,어디,1
여기,이거,1
여기,마오,1
여기,칼국수,1
여기,클라쓰,1
여기,장터,1
여기,내부,1
여기,짱아찌,1
여기,쏘주,1
여기,멍게,1
여기,낙지,1
여기,요즘,1
여기,오이,1
여기,오이김치,1
히말라야,위생,1
히말라야,고기,1
히말라야,안녕하세요,1
히말라야,승지로,1
히말라야,제공,1
히말라야,오늘,1
히말라야,돼지고기,1
히말라야,마무리,1
히말라야,하루,1
클라쓰,통째,1
클라쓰,어디,1
클라쓰,마오,1
클라쓰,칼국수,1
클라쓰,여기,1
클라쓰,장터,1
클라쓰,멍게,1
클라쓰,낙지,1
클라쓰,요즘,1
매장,서울,1
매장,예뿌죠,1
매장,카펠리니,1
매장,화장실,1
매장,페스츄리의,1
매장,대학로,1
매장,맛집,1
매장,넘마시따,1
매장,메뉴판,1
매장,테이블,1
매장,음료,1
매장,제주,1
매장,오후,1
매장,오전,1
매장,퍼플,1
매장,만원,1
매장,아브뉴프,1
매장,경기도,1
메뉴판,예뿌죠,1
메뉴판,카펠리니,1
메뉴판,화장실,1
메뉴판,가게,1
메뉴판,페스츄리의,1
메뉴판,맛집,2
메뉴판,넘마시따,1
메뉴판,매장,1
메뉴판,테이블,1
메뉴판,음료,1
메뉴판,내이브로,1
메뉴판,방지,1
메뉴판,웨이팅,1
메뉴판,내부,1
메뉴판,메뉴,1
메뉴판,영업시간,1
메뉴판,주차장,1
테이블,예뿌죠,1
테이블,카펠리니,1
테이블,화장실,1
테이블,페스츄리의,1
테이블,맛집,1
테이블,넘마시따,1
테이블,매장,1
테이블,메뉴판,1
테이블,음료,1
아이,계수가,1
아이,부천,1
아이,주문,1
아이,샵앤샵,1
아이,제공,1
아이,계수가든,1
아이,내부,1
아이,저희,1
아이,근처,1
볶음밥,고기,1
볶음밥,돼지,1
볶음밥,식감,1
볶음밥,맛집,1
볶음밥,돼지갈비,1
볶음밥,음식,1
볶음밥,식당,1
볶음밥,돼지고기,1
볶음밥,고기집,1
배곧,뚜껑,1
배곧,페스츄리파스타,1
배곧,정도,1
배곧,여럿,1
배곧,비쥬얼,1
배곧,쇼파석,1
배곧,내부,1
배곧,후기,1
배곧,원래,1
음료,예뿌죠,1
음료,카펠리니,1
음료,화장실,1
음료,페스츄리의,1
음료,맛집,1
음료,넘마시따,1
음료,매장,1
음료,메뉴판,1
음료,테이블,1
음식,고기,1
음식,돼지,1
음식,식감,1
음식,맛집,1
음식,돼지갈비,1
음식,볶음밥,1
음식,식당,1
음식,돼지고기,1
음식,고기집,1
따뜩,삭사류,1
따뜩,통째,1
따뜩,두께,1
따뜩,대학로,1
따뜩,깍두기,1
따뜩,인근,1
따뜩,마온동,1
따뜩,내부,1
따뜩,요즘,1
샵앤샵,계수가,1
샵앤샵,부천,1
샵앤샵,주문,1
샵앤샵,아이,1
샵앤샵,제공,1
샵앤샵,계수가든,1
샵앤샵,내부,1
샵앤샵,저희,1
샵앤샵,근처,1
쇼파석,뚜껑,1
쇼파석,페스츄리파스타,1
쇼파석,정도,1
쇼파석,여럿,1
쇼파석,비쥬얼,1
쇼파석,배곧,1
쇼파석,내부,1
쇼파석,후기,1
쇼파석,원래,1
내이브로,가게,1
내이브로,맛집,1
내이브로,메뉴판,1
내이브로,방지,1
내이브로,웨이팅,1
내이브로,내부,1
내이브로,메뉴,1
내이브로,영업시간,1
내이브로,주차장,1
장터,통째,1
장터,어디,1
장터,마오,1
장터,칼국수,1
장터,여기,1
장터,클라쓰,1
장터,멍게,1
장터,낙지,1
장터,요즘,1
제공,위생,1
제공,계수가,1
제공,부천,1
제공,고기,1
제공,안녕하세요,1
제공,주문,1
제공,승지로,1
제공,히말라야,1
제공,아이,1
제공,샵앤샵,1
제공,계수가든,1
제공,내부,1
제공,오늘,1
제공,저희,1
제공,근처,1
제공,돼지고기,1
제공,마무리,1
제공,하루,1
방지,가게,1
방지,맛집,1
방지,메뉴판,1
방지,내이브로,1
방지,웨이팅,1
방지,내부,1
방지,메뉴,1
방지,영업시간,1
방지,주차장,1
계수가든,계수가,1
계수가든,부천,1
계수가든,주문,1
계수가든,아이,1
계수가든,샵앤샵,1
계수가든,제공,1
계수가든,내부,1
계수가든,저희,1
계수가든,근처,1
이날,지금,1
이날,밑반찬,1
이날,술안주,1
이날,응대,1
이날,대학로,1
이날,구이,1
이날,내부,1
이날,안주,1
이날,요즘,1
해줘야쥬,짜장면,1
해줘야쥬,중이,1
해줘야쥬,말씀,1
해줘야쥬,소개,1
해줘야쥬,비비뉘,1
해줘야쥬,배곧로자,1
해줘야쥬,지하,1
해줘야쥬,짜사이,1
해줘야쥬,비주얼,1
마온동,삭사류,1
마온동,통째,1
마온동,두께,1
마온동,대학로,1
마온동,깍두기,1
마온동,인근,1
마온동,따뜩,1
마온동,내부,1
마온동,요즘,1
구이,지금,1
구이,밑반찬,1
구이,초밥,1
구이,오이도뷰,1
구이,정왕동,1
구이,술안주,1
구이,응대,1
구이,대학로,1
구이,오이도,1
구이,이날,1
구이,내부,1
구이,등대,1
구이,킹크랩,1
구이,안주,1
구이,사실,1
구이,지번,1
구이,참치,1
구이,요즘,1
참게,외에,1
참게,빠가사리,1
참게,겨자,1
참게,술안주,1
참게,내부,1
참게,그때,1
참게,미나리,1
참게,오전,1
참게,안쪽,1
웨이팅,가게,1
웨이팅,맛집,1
웨이팅,메뉴판,1
웨이팅,내이브로,1
웨이팅,방지,1
웨이팅,내부,1
웨이팅,메뉴,1
웨이팅,영업시간,1
웨이팅,주차장,1
음식점,스퀘어,1
음식점,위치,1
음식점,겉에,1
음식점,주문,1
음식점,주가,1
음식점,대학로,1
음식점,미역,1
음식점,통로,1
음식점,식당가,1
번째,밑반찬,1
번째,이거,1
번째,소주러버,1
번째,동태전,1
번째,안주,1
번째,건더기,1
번째,소세지,1
번째,진로,1
번째,지하,1
내부,지금,1
내부,삭사류,1
내부,뚜껑,1
내부,페스츄리파스타,1
내부,밑반찬,2
내부,계수가,1
내부,외에,1
내부,빠가사리,1
내부,부천,1
내부,시금치,1
내부,통째,1
내부,정도,1
내부,겨자,1
내부,두께,1
내부,쏘맥,1
내부,가게,1
내부,술안주,2
내부,주문,1
내부,이거,1
내부,여럿,1
내부,응대,1
내부,비쥬얼,1
내부,대학로,2
내부,맛집,1
내부,깍두기,1
내부,인근,1
내부,여기,1
내부,메뉴판,1
내부,아이,1
내부,배곧,1
내부,따뜩,1
내부,샵앤샵,1
내부,쇼파석,1
내부,내이브로,1
내부,제공,1
내부,방지,1
내부,계수가든,1
내부,이날,1
내부,마온동,1
내부,구이,1
내부,참게,1
내부,웨이팅,1
내부,메뉴,1
내부,그때,1
내부,저희,1
내부,근처,1
내부,짱아찌,1
내부,안주,1
내부,쏘주,1
내부,영업시간,1
내부,미나리,1
내부,후기,1
내부,오전,1
내부,주차장,1
내부,원래,1
내부,요즘,2
내부,안쪽,1
내부,오이,1
내부,오이김치,1
오늘,위생,1
오늘,서울,1
오늘,해장국,1
오늘,고기,1
오늘,안녕하세요,1
오늘,승지로,1
오늘,대학로,1
오늘,히말라야,1
오늘,제공,1
오늘,미역,1
오늘,순대,1
오늘,돼지고기,1
오늘,마무리,1
오늘,오후,1
오늘,오전,1
오늘,하루,1
오늘,평일,1
오늘,네비주소,1
미역,스퀘어,1
미역,서울,1
미역,위치,1
미역,겉에,1
미역,해장국,1
미역,주문,1
미역,주가,1
미역,대학로,2
미역,음식점,1
미역,오늘,1
미역,순대,1
미역,오후,1
미역,오전,1
미역,평일,1
미역,통로,1
미역,식당가,1
미역,네비주소,1
순대,서울,1
순대,해장국,1
순대,대학로,1
순대,오늘,1
순대,미역,1
순대,오후,1
순대,오전,1
순대,평일,1
순대,네비주소,1
메뉴,가게,1
메뉴,맛집,1
메뉴,메뉴판,1
메뉴,내이브로,1
메뉴,방지,1
메뉴,웨이팅,1
메뉴,내부,1
메뉴,영업시간,1
메뉴,주차장,1
등대,초밥,1
등대,오이도뷰,1
등대,정왕동,1
등대,오이도,1
등대,구이,1
등대,킹크랩,1
등대,사실,1
등대,지번,1
등대,참치,1
그때,외에,1
그때,빠가사리,1
그때,겨자,1
그때,술안주,1
그때,참게,1
그때,내부,1
그때,미나리,1
그때,오전,1
그때,안쪽,1
저희,계수가,1
저희,부천,1
저희,주문,1
저희,아이,1
저희,샵앤샵,1
저희,제공,1
저희,계수가든,1
저희,내부,1
저희,근처,1
제주,서울,1
제주,대학로,1
제주,매장,1
제주,오후,1
제주,오전,1
제주,퍼플,1
제주,만원,1
제주,아브뉴프,1
제주,경기도,1
근처,계수가,1
근처,부천,1
근처,주문,1
근처,아이,1
근처,샵앤샵,1
근처,제공,1
근처,계수가든,1
근처,내부,1
근처,저희,1
짱아찌,밑반찬,1
짱아찌,시금치,1
짱아찌,쏘맥,1
짱아찌,이거,1
짱아찌,여기,1
짱아찌,내부,1
짱아찌,쏘주,1
짱아찌,오이,1
짱아찌,오이김치,1
식당,고기,1
식당,돼지,1
식당,식감,1
식당,맛집,1
식당,돼지갈비,1
식당,볶음밥,1
식당,음식,1
식당,돼지고기,1
식당,고기집,1
돼지고기,위생,1
돼지고기,고기,2
돼지고기,안녕하세요,1
돼지고기,승지로,1
돼지고기,돼지,1
돼지고기,식감,1
돼지고기,맛집,1
돼지고기,돼지갈비,1
돼지고기,히말라야,1
돼지고기,볶음밥,1
돼지고기,음식,1
돼지고기,제공,1
돼지고기,오늘,1
돼지고기,식당,1
돼지고기,마무리,1
돼지고기,하루,1
돼지고기,고기집,1
비비뉘,짜장면,1
비비뉘,중이,1
비비뉘,말씀,1
비비뉘,소개,1
비비뉘,해줘야쥬,1
비비뉘,배곧로자,1
비비뉘,지하,1
비비뉘,짜사이,1
비비뉘,비주얼,1
킹크랩,초밥,1
킹크랩,오이도뷰,1
킹크랩,정왕동,1
킹크랩,오이도,1
킹크랩,구이,1
킹크랩,등대,1
킹크랩,사실,1
킹크랩,지번,1
킹크랩,참치,1
안주,지금,1
안주,밑반찬,2
안주,술안주,1
안주,이거,1
안주,응대,1
안주,대학로,1
안주,소주러버,1
안주,동태전,1
안주,이날,1
안주,구이,1
안주,번째,1
안주,내부,1
안주,건더기,1
안주,소세지,1
안주,진로,1
안주,지하,1
안주,요즘,1
마무리,위생,1
마무리,고기,1
마무리,안녕하세요,1
마무리,승지로,1
마무리,히말라야,1
마무리,제공,1
마무리,오늘,1
마무리,돼지고기,1
마무리,하루,1
사실,초밥,1
사실,오이도뷰,1
사실,정왕동,1
사실,오이도,1
사실,구이,1
사실,등대,1
사실,킹크랩,1
사실,지번,1
사실,참치,1
쏘주,밑반찬,1
쏘주,시금치,1
쏘주,쏘맥,1
쏘주,이거,1
쏘주,여기,1
쏘주,내부,1
쏘주,짱아찌,1
쏘주,오이,1
쏘주,오이김치,1
오후,서울,2
오후,해장국,1
오후,대학로,2
오후,매장,1
오후,오늘,1
오후,미역,1
오후,순대,1
오후,제주,1
오후,오전,2
오후,퍼플,1
오후,만원,1
오후,아브뉴프,1
오후,평일,1
오후,경기도,1
오후,네비주소,1
건더기,밑반찬,1
건더기,이거,1
건더기,소주러버,1
건더기,동태전,1
건더기,번째,1
건더기,안주,1
건더기,소세지,1
건더기,진로,1
건더기,지하,1
소세지,밑반찬,1
소세지,이거,1
소세지,소주러버,1
소세지,동태전,1
소세지,번째,1
소세지,안주,1
소세지,건더기,1
소세지,진로,1
소세지,지하,1
영업시간,가게,1
영업시간,맛집,1
영업시간,메뉴판,1
영업시간,내이브로,1
영업시간,방지,1
영업시간,웨이팅,1
영업시간,내부,1
영업시간,메뉴,1
영업시간,주차장,1
진로,밑반찬,1
진로,이거,1
진로,소주러버,1
진로,동태전,1
진로,번째,1
진로,안주,1
진로,건더기,1
진로,소세지,1
진로,지하,1
지번,초밥,1
지번,오이도뷰,1
지번,정왕동,1
지번,오이도,1
지번,구이,1
지번,등대,1
지번,킹크랩,1
지번,사실,1
지번,참치,1
미나리,외에,1
미나리,빠가사리,1
미나리,겨자,1
미나리,술안주,1
미나리,참게,1
미나리,내부,1
미나리,그때,1
미나리,오전,1
미나리,안쪽,1
멍게,통째,1
멍게,어디,1
멍게,마오,1
멍게,칼국수,1
멍게,여기,1
멍게,클라쓰,1
멍게,장터,1
멍게,낙지,1
멍게,요즘,1
배곧로자,짜장면,1
배곧로자,중이,1
배곧로자,말씀,1
배곧로자,소개,1
배곧로자,해줘야쥬,1
배곧로자,비비뉘,1
배곧로자,지하,1
배곧로자,짜사이,1
배곧로자,비주얼,1
후기,뚜껑,1
후기,페스츄리파스타,1
후기,정도,1
후기,여럿,1
후기,비쥬얼,1
후기,배곧,1
후기,쇼파석,1
후기,내부,1
후기,원래,1
오전,서울,2
오전,외에,1
오전,빠가사리,1
오전,해장국,1
오전,겨자,1
오전,술안주,1
오전,대학로,2
오전,매장,1
오전,참게,1
오전,내부,1
오전,오늘,1
오전,미역,1
오전,순대,1
오전,그때,1
오전,제주,1
오전,오후,2
오전,미나리,1
오전,퍼플,1
오전,만원,1
오전,아브뉴프,1
오전,평일,1
오전,경기도,1
오전,네비주소,1
오전,안쪽,1
하루,위생,1
하루,고기,1
하루,안녕하세요,1
하루,승지로,1
하루,히말라야,1
하루,제공,1
하루,오늘,1
하루,돼지고기,1
하루,마무리,1
퍼플,서울,1
퍼플,대학로,1
퍼플,매장,1
퍼플,제주,1
퍼플,오후,1
퍼플,오전,1
퍼플,만원,1
퍼플,아브뉴프,1
퍼플,경기도,1
지하,밑반찬,1
지하,짜장면,1
지하,중이,1
지하,말씀,1
지하,이거,1
지하,소주러버,1
지하,동태전,1
지하,소개,1
지하,해줘야쥬,1
지하,번째,1
지하,비비뉘,1
지하,안주,1
지하,건더기,1
지하,소세지,1
지하,진로,1
지하,배곧로자,1
지하,짜사이,1
지하,비주얼,1
주차장,가게,1
주차장,맛집,1
주차장,메뉴판,1
주차장,내이브로,1
주차장,방지,1
주차장,웨이팅,1
주차장,내부,1
주차장,메뉴,1
주차장,영업시간,1
원래,뚜껑,1
원래,페스츄리파스타,1
원래,정도,1
원래,여럿,1
원래,비쥬얼,1
원래,배곧,1
원래,쇼파석,1
원래,내부,1
원래,후기,1
만원,서울,1
만원,대학로,1
만원,매장,1
만원,제주,1
만원,오후,1
만원,오전,1
만원,퍼플,1
만원,아브뉴프,1
만원,경기도,1
아브뉴프,서울,1
아브뉴프,대학로,1
아브뉴프,매장,1
아브뉴프,제주,1
아브뉴프,오후,1
아브뉴프,오전,1
아브뉴프,퍼플,1
아브뉴프,만원,1
아브뉴프,경기도,1
낙지,통째,1
낙지,어디,1
낙지,마오,1
낙지,칼국수,1
낙지,여기,1
낙지,클라쓰,1
낙지,장터,1
낙지,멍게,1
낙지,요즘,1
평일,서울,1
평일,해장국,1
평일,대학로,1
평일,오늘,1
평일,미역,1
평일,순대,1
평일,오후,1
평일,오전,1
평일,네비주소,1
짜사이,짜장면,1
짜사이,중이,1
짜사이,말씀,1
짜사이,소개,1
짜사이,해줘야쥬,1
짜사이,비비뉘,1
짜사이,배곧로자,1
짜사이,지하,1
짜사이,비주얼,1
경기도,서울,1
경기도,대학로,1
경기도,매장,1
경기도,제주,1
경기도,오후,1
경기도,오전,1
경기도,퍼플,1
경기도,만원,1
경기도,아브뉴프,1
고기집,고기,1
고기집,돼지,1
고기집,식감,1
고기집,맛집,1
고기집,돼지갈비,1
고기집,볶음밥,1
고기집,음식,1
고기집,식당,1
고기집,돼지고기,1
비주얼,짜장면,1
비주얼,중이,1
비주얼,말씀,1
비주얼,소개,1
비주얼,해줘야쥬,1
비주얼,비비뉘,1
비주얼,배곧로자,1
비주얼,지하,1
비주얼,짜사이,1
통로,스퀘어,1
통로,위치,1
통로,겉에,1
통로,주문,1
통로,주가,1
통로,대학로,1
통로,음식점,1
통로,미역,1
통로,식당가,1
식당가,스퀘어,1
식당가,위치,1
식당가,겉에,1
식당가,주문,1
식당가,주가,1
식당가,대학로,1
식당가,음식점,1
식당가,미역,1
식당가,통로,1
네비주소,서울,1
네비주소,해장국,1
네비주소,대학로,1
네비주소,오늘,1
네비주소,미역,1
네비주소,순대,1
네비주소,오후,1
네비주소,오전,1
네비주소,평일,1
참치,초밥,1
참치,오이도뷰,1
참치,정왕동,1
참치,오이도,1
참치,구이,1
참치,등대,1
참치,킹크랩,1
참치,사실,1
참치,지번,1
요즘,지금,1
요즘,삭사류,1
요즘,밑반찬,1
요즘,통째,2
요즘,두께,1
요즘,술안주,1
요즘,어디,1
요즘,응대,1
요즘,대학로,2
요즘,마오,1
요즘,깍두기,1
요즘,칼국수,1
요즘,인근,1
요즘,여기,1
요즘,클라쓰,1
요즘,따뜩,1
요즘,장터,1
요즘,이날,1
요즘,마온동,1
요즘,구이,1
요즘,내부,2
요즘,안주,1
요즘,멍게,1
요즘,낙지,1
안쪽,외에,1
안쪽,빠가사리,1
안쪽,겨자,1
안쪽,술안주,1
안쪽,참게,1
안쪽,내부,1
안쪽,그때,1
안쪽,미나리,1
안쪽,오전,1
오이,밑반찬,1
오이,시금치,1
오이,쏘맥,1
오이,이거,1
오이,여기,1
오이,내부,1
오이,짱아찌,1
오이,쏘주,1
오이,오이김치,1
오이김치,밑반찬,1
오이김치,시금치,1
오이김치,쏘맥,1
오이김치,이거,1
오이김치,여기,1
오이김치,내부,1
오이김치,짱아찌,1
오이김치,쏘주,1
오이김치,오이,1
